{"20_trees": {"accuracy": 0.702625}, "500_trees": {"accuracy": 0.72575}, "200_trees": {"accuracy": 0.7255}, "100_trees": {"accuracy": 0.72225}, "50_trees": {"accuracy": 0.721625}, "10_trees": {"accuracy": 0.672625}}